,Customer Name,Review Title,Rating
0,Tanmay Shukla,Flagship Killer,5
1,Surbhi Garg,Camera quality is very poor.,2
2,Saroj N.,Worst phone,1
3,klknow,Dead on arrival,1
4,abdulkadir garari,Not worth to buy 6T,1
5,Mani,Battery problem and disappointing customer support.,1
6,Anshu K.,Beautiful phone,4
7,Sneha,Only one side of speakers is working,1
8,nagaraj s.,Awesome value for the money,5
9,Regidi Mahesh Dora,NO WAY GOING TO BE A CUSTOMER OF A COMPANY (Oneplus6T) THAT CANNOT GET NEW CUSTOMER SERVICE CORRECT,1
